Model,Accuracy,F1-Macro,LogLoss
LightAutoML (LAMA),0.8098472853567598,0.8085869379100316,0.4846686346232324
Custom XGBoost + LSA,0.6816997803769345,0.6768962899994313,0.7352534159695164
E5-multilingual-base,0.8498,0.8485,0.4008
